{
    "mic_name": "sof-hda-dsp: - (hw:0,6)",
    "mic_gain": 10.0,
    "mic_rate": 48000,
    "gsr_center": 2.980681319067848,
    "gsr_base": 0.3388043379989716,
    "booster_idx": 2
}