{
    "mic_name": "sof-hda-dsp: - (hw:0,6)",
    "mic_gain": 10.0,
    "mic_rate": 48000,
    "gsr_center": 3.4974023876639952,
    "gsr_base": 0.4871389217054203,
    "booster_idx": 2
}