{
    "mic_name": "sof-hda-dsp: - (hw:0,6)",
    "mic_gain": 10.0,
    "mic_rate": 48000,
    "gsr_center": 6.49988187374837,
    "gsr_base": 0.31046947244727896,
    "booster_idx": 2
}