{
    "mic_name": "sof-hda-dsp: - (hw:0,6)",
    "mic_gain": 10.0,
    "mic_rate": 48000,
    "gsr_center": 6.49988187374837,
    "log_window": 0.03781857801532186,
    "zoom_coeff": 1.0
}