{
    "mic_name": "sof-hda-dsp: - (hw:0,6)",
    "mic_gain": 10.0,
    "mic_rate": 48000,
    "gsr_center": 3.4018447971109675,
    "gsr_base": 0.3241389917949009,
    "booster_idx": 0
}