{
    "mic_name": "sof-hda-dsp: - (hw:0,6)",
    "mic_gain": 10.0,
    "mic_rate": 48000,
    "gsr_center": 5.384464189152616,
    "log_window": 0.0714794558076242,
    "zoom_coeff": 1.0
}